Spreadsheet Name,Tramada Creditor
Australia New Zealand Central Reservations Office Pty Ltd,
Australia Pacific Touring Pty Ltd,
"Broome, Kimberley & Beyond Pty Ltd",
Bunnik Travel Pty Ltd,
DAH Holdings Pty Limited,
Grand Pacific Tours Pty Ltd,
Great Southern Rail Travel Pty Ltd,
Insight Vacations Pty Limited,
Intrepid Travel Pty Ltd,
Kangaroo Island Sealink Pty Ltd,
RCL CRUISES LTD,
Scenic Tours Pty Ltd,
Tas Vacations Pty Ltd,
Top Deck Tours Pty Ltd,
Trafalgar Tours (Aust) Pty Ltd,
Viva Holidays II Limited T/A Ready Rooms,READY ROOMS
Viva Holidays Pty Ltd,Viva Holidays
Websource Pacific Pty Limited,
Wendy Wu Tours Pty Ltd,
